path,category,format,bytes,width,height,sha256,status,source_path,source_evidence,owner,rights,reviewed_on
api/src/assets/richmenu-slippy-universe-mockup.png,line-mockup,png,2181019,1536,1024,4a77554eac5bf423ca5dcae1800ceafd23122e9149b66066789d7c736fd55ef6,rights-attested-needs-source-review,unknown,unknown,KOBIHA Studio (user-attested),User attestation (2026-09-13): KOBIHA Studio owns or has rights to use all assets in this register.,2026-09-13
api/src/assets/richmenu-slippy-universe-v2-mockup.png,line-mockup,png,620535,1536,1024,8140ef6def21c2cdcc19291f4b539a768bc7b64b2de840deadfde1bab0db6893,rights-attested-needs-source-review,unknown,unknown,KOBIHA Studio (user-attested),User attestation (2026-09-13): KOBIHA Studio owns or has rights to use all assets in this register.,2026-09-13
api/src/assets/richmenu-slippy-universe-v3-mockup.png,line-mockup,png,2449506,1536,1024,a025b3e44a57e271a54cc1cd78646ca924c9c566b46b4da0d0f595e16ad68062,rights-attested-needs-source-review,unknown,unknown,KOBIHA Studio (user-attested),User attestation (2026-09-13): KOBIHA Studio owns or has rights to use all assets in this register.,2026-09-13
ios/Slippy/Assets.xcassets/AppIcon.appiconset/AppIcon-1024.png,ios,png,577690,1024,1024,ae1fdd134149d38d296f0e03bcaede639ecc6f7dc2b51c4696ce4aa5823a0cb8,rights-attested-needs-source-review,unknown,unknown,KOBIHA Studio (user-attested),User attestation (2026-09-13): KOBIHA Studio owns or has rights to use all assets in this register.,2026-09-13
ios/Slippy/Assets.xcassets/KyushuDrJoey.imageset/KyushuDrJoey.png,ios,png,1551641,1024,1536,04227d70e3fc67738de85c1cc03ac144a886309d32eb0ae13309f4fb088810be,rights-attested-needs-source-review,unknown,unknown,KOBIHA Studio (user-attested),User attestation (2026-09-13): KOBIHA Studio owns or has rights to use all assets in this register.,2026-09-13
ios/Slippy/Assets.xcassets/KyushuDrTom.imageset/KyushuDrTom.png,ios,png,1560026,1024,1536,bfcde7c5e286d800d9d8930139ed223f64d1bfd00196eff0374bcf9d0f012d8f,rights-attested-needs-source-review,unknown,unknown,KOBIHA Studio (user-attested),User attestation (2026-09-13): KOBIHA Studio owns or has rights to use all assets in this register.,2026-09-13
ios/Slippy/Assets.xcassets/KyushuFukuoka.imageset/KyushuFukuoka.png,ios,png,2080943,1672,941,d5921e39c65fb0924d08622035ffdb8f1bb93f1e4f6f450320a29208ea5ce180,rights-attested-needs-source-review,unknown,unknown,KOBIHA Studio (user-attested),User attestation (2026-09-13): KOBIHA Studio owns or has rights to use all assets in this register.,2026-09-13
ios/Slippy/Assets.xcassets/KyushuKumamoto.imageset/KyushuKumamoto.png,ios,png,2540952,1672,941,1128a5fb5770e44283a9d32e6f39a50dbd287a9115483cea120bc6125a111cd4,rights-attested-needs-source-review,unknown,unknown,KOBIHA Studio (user-attested),User attestation (2026-09-13): KOBIHA Studio owns or has rights to use all assets in this register.,2026-09-13
ios/Slippy/Assets.xcassets/KyushuMascotJoey.imageset/KyushuMascotJoey.png,ios,png,1675326,1254,1254,c554246f067ec972f3657ff5fb1fe5510dee80803ffa9cb235df82fe2a62bef1,rights-attested-needs-source-review,unknown,unknown,KOBIHA Studio (user-attested),User attestation (2026-09-13): KOBIHA Studio owns or has rights to use all assets in this register.,2026-09-13
ios/Slippy/Assets.xcassets/KyushuMascotNancy.imageset/KyushuMascotNancy.png,ios,png,1567625,1254,1254,dc788799e05f01598023d84470bfb78ad2edfdf3373901914878ee295cbad534,rights-attested-needs-source-review,unknown,unknown,KOBIHA Studio (user-attested),User attestation (2026-09-13): KOBIHA Studio owns or has rights to use all assets in this register.,2026-09-13
ios/Slippy/Assets.xcassets/KyushuMascotTom.imageset/KyushuMascotTom.png,ios,png,1455268,1254,1254,78c61e0b8a692754509dc662022301f61f68ac77bc399abdb2c5a2466b0d05ca,rights-attested-needs-source-review,unknown,unknown,KOBIHA Studio (user-attested),User attestation (2026-09-13): KOBIHA Studio owns or has rights to use all assets in this register.,2026-09-13
ios/Slippy/Assets.xcassets/KyushuMascotVivi.imageset/KyushuMascotVivi.png,ios,png,1047507,1254,1254,d8fa5450103dc82316663fa5281faea0fa767cc33a08b388c1b53f50258a8f3b,rights-attested-needs-source-review,unknown,unknown,KOBIHA Studio (user-attested),User attestation (2026-09-13): KOBIHA Studio owns or has rights to use all assets in this register.,2026-09-13
ios/Slippy/Assets.xcassets/KyushuNancy.imageset/KyushuNancy.png,ios,png,1303706,978,1608,f1f2438022e9f9eb97a76df3235f5742183b6065c466aaa308fa57d76e50b4d8,rights-attested-needs-source-review,unknown,unknown,KOBIHA Studio (user-attested),User attestation (2026-09-13): KOBIHA Studio owns or has rights to use all assets in this register.,2026-09-13
ios/Slippy/Assets.xcassets/KyushuShrine.imageset/KyushuShrine.png,ios,png,2592038,1672,941,9f0760d6cfb6ac054e385dc9c76f78dd8129cb392fb1dc211c59efe702d3596e,rights-attested-needs-source-review,unknown,unknown,KOBIHA Studio (user-attested),User attestation (2026-09-13): KOBIHA Studio owns or has rights to use all assets in this register.,2026-09-13
ios/Slippy/Assets.xcassets/KyushuTagJoey.imageset/KyushuTagJoey.png,ios,png,2428679,1024,1536,0ca5b73c7faa62c56744f14653ebfa1db1596a15ec93e79ab858ac276cf59b17,rights-attested-needs-source-review,unknown,unknown,KOBIHA Studio (user-attested),User attestation (2026-09-13): KOBIHA Studio owns or has rights to use all assets in this register.,2026-09-13
ios/Slippy/Assets.xcassets/KyushuTagNancy.imageset/KyushuTagNancy.png,ios,png,1798649,1024,1536,a27a309dd1f7d9bf47a34a98fdb97be1ea4173fd67a73bc02bdc4d5481c9f843,rights-attested-needs-source-review,unknown,unknown,KOBIHA Studio (user-attested),User attestation (2026-09-13): KOBIHA Studio owns or has rights to use all assets in this register.,2026-09-13
ios/Slippy/Assets.xcassets/KyushuTagTom.imageset/KyushuTagTom.png,ios,png,2125383,1024,1536,e22cf46f9de578c5af52656c6a0a38fdbe0ed487b0328005698eed651e3ded4f,rights-attested-needs-source-review,unknown,unknown,KOBIHA Studio (user-attested),User attestation (2026-09-13): KOBIHA Studio owns or has rights to use all assets in this register.,2026-09-13
ios/Slippy/Assets.xcassets/KyushuTagVivi.imageset/KyushuTagVivi.png,ios,png,2635012,1024,1536,f0ff1116abc4559347d115501da21de13453dbb1db7663ac76546674a0b0eb64,rights-attested-needs-source-review,unknown,unknown,KOBIHA Studio (user-attested),User attestation (2026-09-13): KOBIHA Studio owns or has rights to use all assets in this register.,2026-09-13
ios/Slippy/Assets.xcassets/KyushuTripCover.imageset/KyushuTripCover.png,ios,png,2843394,1672,941,8192253355dd6af7b3a7352190ce2d58d277c3fabfb72a51cf6043c57806b04a,rights-attested-needs-source-review,unknown,unknown,KOBIHA Studio (user-attested),User attestation (2026-09-13): KOBIHA Studio owns or has rights to use all assets in this register.,2026-09-13
ios/Slippy/Assets.xcassets/KyushuVivi.imageset/KyushuVivi.png,ios,png,1572435,1024,1536,323feebdfe6a7a16a2c7128abc7a246c66c5d6725a645f9b17a452d092c96638,rights-attested-needs-source-review,unknown,unknown,KOBIHA Studio (user-attested),User attestation (2026-09-13): KOBIHA Studio owns or has rights to use all assets in this register.,2026-09-13
ios/Slippy/Assets.xcassets/KyushuYufuin.imageset/KyushuYufuin.png,ios,png,2250525,1672,941,5dab1569cc4988459f755eb49ac717b87ff8fc6128246cc3d22d70b76a684fe9,rights-attested-needs-source-review,unknown,unknown,KOBIHA Studio (user-attested),User attestation (2026-09-13): KOBIHA Studio owns or has rights to use all assets in this register.,2026-09-13
ios/Slippy/Assets.xcassets/SlippyLogo.imageset/SlippyLogo@1x.png,ios,png,4494,60,60,92741502e65878de225078e376edc602320f254429dd8f30bebb4347fa3bebfc,rights-attested-needs-source-review,unknown,unknown,KOBIHA Studio (user-attested),User attestation (2026-09-13): KOBIHA Studio owns or has rights to use all assets in this register.,2026-09-13
ios/Slippy/Assets.xcassets/SlippyLogo.imageset/SlippyLogo@2x.png,ios,png,10268,120,120,e4911ecd8b1871e813a9797ad729611e5cddecc887a4c947beed69965d7b53a0,rights-attested-needs-source-review,unknown,unknown,KOBIHA Studio (user-attested),User attestation (2026-09-13): KOBIHA Studio owns or has rights to use all assets in this register.,2026-09-13
ios/Slippy/Assets.xcassets/SlippyLogo.imageset/SlippyLogo@3x.png,ios,png,16423,180,180,9b7167a93249070c1abeca33e20fa77b461d0d47190aa134ddde8be492666dc1,rights-attested-needs-source-review,unknown,unknown,KOBIHA Studio (user-attested),User attestation (2026-09-13): KOBIHA Studio owns or has rights to use all assets in this register.,2026-09-13
ios/SlippyWatch/Assets.xcassets/AppIcon.appiconset/AppIcon-100@2x.png,ios-watch,png,9398,100,100,fb4cd60c5ba1ad3a27ad340f73c8783620576b976a9f765ac3d07fa94118ecfb,rights-attested-needs-source-review,unknown,unknown,KOBIHA Studio (user-attested),User attestation (2026-09-13): KOBIHA Studio owns or has rights to use all assets in this register.,2026-09-13
ios/SlippyWatch/Assets.xcassets/AppIcon.appiconset/AppIcon-1024-marketing.png,ios-watch,png,491085,1024,1024,4b085a608c866f6bd97ce518d5e81a77f3f4679552a0f5f7dfeb53cad2fe057c,rights-attested-needs-source-review,unknown,unknown,KOBIHA Studio (user-attested),User attestation (2026-09-13): KOBIHA Studio owns or has rights to use all assets in this register.,2026-09-13
ios/SlippyWatch/Assets.xcassets/AppIcon.appiconset/AppIcon-1024.png,ios-watch,png,491085,1024,1024,4b085a608c866f6bd97ce518d5e81a77f3f4679552a0f5f7dfeb53cad2fe057c,rights-attested-needs-source-review,unknown,unknown,KOBIHA Studio (user-attested),User attestation (2026-09-13): KOBIHA Studio owns or has rights to use all assets in this register.,2026-09-13
ios/SlippyWatch/Assets.xcassets/AppIcon.appiconset/AppIcon-102@2x.png,ios-watch,png,9607,102,102,d6455b52e3be18069332e276958e98754c45758a76f0e1c0e13ceff2701c574c,rights-attested-needs-source-review,unknown,unknown,KOBIHA Studio (user-attested),User attestation (2026-09-13): KOBIHA Studio owns or has rights to use all assets in this register.,2026-09-13
ios/SlippyWatch/Assets.xcassets/AppIcon.appiconset/AppIcon-108@2x.png,ios-watch,png,10441,108,108,54282748d3a294d933b28382b4c914715cb8440cffa9e5a520a69441cffbb19e,rights-attested-needs-source-review,unknown,unknown,KOBIHA Studio (user-attested),User attestation (2026-09-13): KOBIHA Studio owns or has rights to use all assets in this register.,2026-09-13
ios/SlippyWatch/Assets.xcassets/AppIcon.appiconset/AppIcon-108ql@2x.png,ios-watch,png,23547,216,216,9d5e33fb024ac420e3789faa63a70c910a06769490ea8fa2792851aa8b5c31cf,rights-attested-needs-source-review,unknown,unknown,KOBIHA Studio (user-attested),User attestation (2026-09-13): KOBIHA Studio owns or has rights to use all assets in this register.,2026-09-13
ios/SlippyWatch/Assets.xcassets/AppIcon.appiconset/AppIcon-117@2x.png,ios-watch,png,26757,234,234,da0ece01ae9cca3da5720bc314c70e8fb8c82d0569bd5097a9ce45bdadc134af,rights-attested-needs-source-review,unknown,unknown,KOBIHA Studio (user-attested),User attestation (2026-09-13): KOBIHA Studio owns or has rights to use all assets in this register.,2026-09-13
ios/SlippyWatch/Assets.xcassets/AppIcon.appiconset/AppIcon-129@2x.png,ios-watch,png,30527,258,258,1194b545a7aa863c003071738f6f197a857de203cca40a764218fcee629e9dcd,rights-attested-needs-source-review,unknown,unknown,KOBIHA Studio (user-attested),User attestation (2026-09-13): KOBIHA Studio owns or has rights to use all assets in this register.,2026-09-13
ios/SlippyWatch/Assets.xcassets/AppIcon.appiconset/AppIcon-24@2x.png,ios-watch,png,2812,48,48,8830fe143fb75ea666b2f2fb1aa1bb574fca6c7b0971bd04f918f7048b2e78b8,rights-attested-needs-source-review,unknown,unknown,KOBIHA Studio (user-attested),User attestation (2026-09-13): KOBIHA Studio owns or has rights to use all assets in this register.,2026-09-13
ios/SlippyWatch/Assets.xcassets/AppIcon.appiconset/AppIcon-27.5@2x.png,ios-watch,png,3406,55,55,269ea25718a103f74a2a05743b53d891828d1d34d79ff49c35b14b2d680cd71b,rights-attested-needs-source-review,unknown,unknown,KOBIHA Studio (user-attested),User attestation (2026-09-13): KOBIHA Studio owns or has rights to use all assets in this register.,2026-09-13
ios/SlippyWatch/Assets.xcassets/AppIcon.appiconset/AppIcon-29@2x.png,ios-watch,png,4098,58,58,0c7632524b74ec98b746668bfde19b5f78f85dafbef7a9fc99b54cf2cf54de9e,rights-attested-needs-source-review,unknown,unknown,KOBIHA Studio (user-attested),User attestation (2026-09-13): KOBIHA Studio owns or has rights to use all assets in this register.,2026-09-13
ios/SlippyWatch/Assets.xcassets/AppIcon.appiconset/AppIcon-33@2x.png,ios-watch,png,4286,66,66,cd9292feb2b903bd38d421ba242890cfcb7d393bd9c53be34e75d4cd0977cb8d,rights-attested-needs-source-review,unknown,unknown,KOBIHA Studio (user-attested),User attestation (2026-09-13): KOBIHA Studio owns or has rights to use all assets in this register.,2026-09-13
ios/SlippyWatch/Assets.xcassets/AppIcon.appiconset/AppIcon-46@2x.png,ios-watch,png,6625,92,92,1ef7b95b560d83e80d651a8d9f30a28bd2069548f9b5698b382bf3568dd6d96e,rights-attested-needs-source-review,unknown,unknown,KOBIHA Studio (user-attested),User attestation (2026-09-13): KOBIHA Studio owns or has rights to use all assets in this register.,2026-09-13
ios/SlippyWatch/Assets.xcassets/AppIcon.appiconset/AppIcon-80@2x.png,ios-watch,png,6902,80,80,6f6f888de8d87a8de64434a45cefc9f3fa3d49e69bac08c400f453eae4f0ad2d,rights-attested-needs-source-review,unknown,unknown,KOBIHA Studio (user-attested),User attestation (2026-09-13): KOBIHA Studio owns or has rights to use all assets in this register.,2026-09-13
ios/SlippyWatch/Assets.xcassets/AppIcon.appiconset/AppIcon-86@2x.png,ios-watch,png,16396,172,172,1ee84bf935c7d0ab714358869929dbfe78e91d3e712bf20e5b52eb2a4311a6f6,rights-attested-needs-source-review,unknown,unknown,KOBIHA Studio (user-attested),User attestation (2026-09-13): KOBIHA Studio owns or has rights to use all assets in this register.,2026-09-13
ios/SlippyWatch/Assets.xcassets/AppIcon.appiconset/AppIcon-87@2x.png,ios-watch,png,7135,87,87,4145c75f646442779f76e7b1801217add79d5e71e19a117270848c910369489b,rights-attested-needs-source-review,unknown,unknown,KOBIHA Studio (user-attested),User attestation (2026-09-13): KOBIHA Studio owns or has rights to use all assets in this register.,2026-09-13
ios/SlippyWatch/Assets.xcassets/AppIcon.appiconset/AppIcon-88@2x.png,ios-watch,png,7929,88,88,570304ccad9ace4e092defcad20bde965c768a769016891b3034e22cd65c6d9c,rights-attested-needs-source-review,unknown,unknown,KOBIHA Studio (user-attested),User attestation (2026-09-13): KOBIHA Studio owns or has rights to use all assets in this register.,2026-09-13
ios/SlippyWatch/Assets.xcassets/AppIcon.appiconset/AppIcon-98@2x.png,ios-watch,png,20036,196,196,37f36cf392a7caa087cc13be1820a0f863726172322956be902d4f7c8cda5f7b,rights-attested-needs-source-review,unknown,unknown,KOBIHA Studio (user-attested),User attestation (2026-09-13): KOBIHA Studio owns or has rights to use all assets in this register.,2026-09-13
mobile/assets/adaptive-icon.png,mobile,png,5336,1024,1024,ef29e6f6328dd0d0f1498cfb18d606473913de67e41b17bb4c4c797f0af418e9,rights-attested-needs-source-review,unknown,unknown,KOBIHA Studio (user-attested),User attestation (2026-09-13): KOBIHA Studio owns or has rights to use all assets in this register.,2026-09-13
mobile/assets/favicon.png,mobile,png,99,32,32,f31c8ce5fdab3b342eb04ce937d1240a309bbef2791f2a30210f0cac3c849a77,rights-attested-needs-source-review,unknown,unknown,KOBIHA Studio (user-attested),User attestation (2026-09-13): KOBIHA Studio owns or has rights to use all assets in this register.,2026-09-13
mobile/assets/icon.png,mobile,png,5336,1024,1024,ef29e6f6328dd0d0f1498cfb18d606473913de67e41b17bb4c4c797f0af418e9,rights-attested-needs-source-review,unknown,unknown,KOBIHA Studio (user-attested),User attestation (2026-09-13): KOBIHA Studio owns or has rights to use all assets in this register.,2026-09-13
mobile/assets/splash.png,mobile,png,15377,1242,2688,94f5a94fc199748ffc475f32c027bbc22b177f50e5fa5398962999efb7834dbc,rights-attested-needs-source-review,unknown,unknown,KOBIHA Studio (user-attested),User attestation (2026-09-13): KOBIHA Studio owns or has rights to use all assets in this register.,2026-09-13
mobile/ios/Slippy/Images.xcassets/AppIcon.appiconset/App-Icon-1024x1024@1x.png,mobile,png,4820,1024,1024,b5282460c50f3dcfbd6ec479681a7d9637ff9ac408c032ef8d3fcfa88e283812,rights-attested-needs-source-review,unknown,unknown,KOBIHA Studio (user-attested),User attestation (2026-09-13): KOBIHA Studio owns or has rights to use all assets in this register.,2026-09-13
mobile/ios/Slippy/Images.xcassets/SplashScreen.imageset/image.png,mobile,png,17269,1242,2688,23d92a262afd2aad7e7bf437a02da82fe7f5cfb4dc6790cd1e8e5d493b444296,rights-attested-needs-source-review,unknown,unknown,KOBIHA Studio (user-attested),User attestation (2026-09-13): KOBIHA Studio owns or has rights to use all assets in this register.,2026-09-13
mobile/ios/Slippy/Images.xcassets/SplashScreenBackground.imageset/image.png,mobile,png,70,1,1,c2d6c46fb8aeca4db0fea26fa9bdc5a645159fb9c1c8296af8483c35fca03bed,rights-attested-needs-source-review,unknown,unknown,KOBIHA Studio (user-attested),User attestation (2026-09-13): KOBIHA Studio owns or has rights to use all assets in this register.,2026-09-13
web/public/app-icon-1024.svg,web,svg,4160,1024,1024,cb5f2c3dd11cac695c8d2b19ed3d5b68aa366818d23d77c5b1dba1c530e1b011,rights-attested-needs-source-review,web/public/app-icon-1024.svg,web/scripts/generate-icons.mjs (source input; upstream provenance unknown),KOBIHA Studio (user-attested),User attestation (2026-09-13): KOBIHA Studio owns or has rights to use all assets in this register.,2026-09-13
web/public/design/kyushu-anime-trip-cover.png,web,png,2843394,1672,941,8192253355dd6af7b3a7352190ce2d58d277c3fabfb72a51cf6043c57806b04a,rights-attested-needs-source-review,unknown,unknown,KOBIHA Studio (user-attested),User attestation (2026-09-13): KOBIHA Studio owns or has rights to use all assets in this register.,2026-09-13
web/public/design/kyushu-avatar-joey.png,web,png,1551641,1024,1536,04227d70e3fc67738de85c1cc03ac144a886309d32eb0ae13309f4fb088810be,rights-attested-needs-source-review,unknown,unknown,KOBIHA Studio (user-attested),User attestation (2026-09-13): KOBIHA Studio owns or has rights to use all assets in this register.,2026-09-13
web/public/design/kyushu-avatar-nancy.png,web,png,1303706,978,1608,f1f2438022e9f9eb97a76df3235f5742183b6065c466aaa308fa57d76e50b4d8,rights-attested-needs-source-review,unknown,unknown,KOBIHA Studio (user-attested),User attestation (2026-09-13): KOBIHA Studio owns or has rights to use all assets in this register.,2026-09-13
web/public/design/kyushu-avatar-tom.png,web,png,1560026,1024,1536,bfcde7c5e286d800d9d8930139ed223f64d1bfd00196eff0374bcf9d0f012d8f,rights-attested-needs-source-review,unknown,unknown,KOBIHA Studio (user-attested),User attestation (2026-09-13): KOBIHA Studio owns or has rights to use all assets in this register.,2026-09-13
web/public/design/kyushu-avatar-vivi.png,web,png,1572435,1024,1536,323feebdfe6a7a16a2c7128abc7a246c66c5d6725a645f9b17a452d092c96638,rights-attested-needs-source-review,unknown,unknown,KOBIHA Studio (user-attested),User attestation (2026-09-13): KOBIHA Studio owns or has rights to use all assets in this register.,2026-09-13
web/public/design/kyushu-mascot-owl.png,web,png,1675326,1254,1254,c554246f067ec972f3657ff5fb1fe5510dee80803ffa9cb235df82fe2a62bef1,rights-attested-needs-source-review,unknown,unknown,KOBIHA Studio (user-attested),User attestation (2026-09-13): KOBIHA Studio owns or has rights to use all assets in this register.,2026-09-13
web/public/design/kyushu-mascot-rabbit.png,web,png,1047507,1254,1254,d8fa5450103dc82316663fa5281faea0fa767cc33a08b388c1b53f50258a8f3b,rights-attested-needs-source-review,unknown,unknown,KOBIHA Studio (user-attested),User attestation (2026-09-13): KOBIHA Studio owns or has rights to use all assets in this register.,2026-09-13
web/public/design/kyushu-mascot-red-panda.png,web,png,1567625,1254,1254,dc788799e05f01598023d84470bfb78ad2edfdf3373901914878ee295cbad534,rights-attested-needs-source-review,unknown,unknown,KOBIHA Studio (user-attested),User attestation (2026-09-13): KOBIHA Studio owns or has rights to use all assets in this register.,2026-09-13
web/public/design/kyushu-mascot-shiba.png,web,png,1455268,1254,1254,78c61e0b8a692754509dc662022301f61f68ac77bc399abdb2c5a2466b0d05ca,rights-attested-needs-source-review,unknown,unknown,KOBIHA Studio (user-attested),User attestation (2026-09-13): KOBIHA Studio owns or has rights to use all assets in this register.,2026-09-13
web/public/design/slippy-journey-ios-showcase.png,web,png,1953495,1536,1024,8e577b4869eb545beddd4e78598f2a2a519283b13e5f13f5e11b7b32586bb872,rights-attested-needs-source-review,unknown,unknown,KOBIHA Studio (user-attested),User attestation (2026-09-13): KOBIHA Studio owns or has rights to use all assets in this register.,2026-09-13
web/public/design/slippy-journey-web-workspace.png,web,png,1793739,1536,1024,253b7f7f98dfceb125c422b44effd93afefb00cf2d34b73760a0c8e2cfccf946,rights-attested-needs-source-review,unknown,unknown,KOBIHA Studio (user-attested),User attestation (2026-09-13): KOBIHA Studio owns or has rights to use all assets in this register.,2026-09-13
web/public/favicon-16x16.png,web,png,730,16,16,362976370177e435ef6c9904602d48f7bba5e7b4dd8be54f7fd92e68fe246810,rights-attested-needs-source-review,web/public/app-icon-1024.svg,web/scripts/generate-icons.mjs (declared mapping; output not regenerated),KOBIHA Studio (user-attested),User attestation (2026-09-13): KOBIHA Studio owns or has rights to use all assets in this register.,2026-09-13
web/public/favicon-32x32.png,web,png,1815,32,32,21a4ef61d40b60693e788ae26bb160d91118f441f6802fcdac8e6beaa2ea7a48,rights-attested-needs-source-review,web/public/app-icon-1024.svg,web/scripts/generate-icons.mjs (declared mapping; output not regenerated),KOBIHA Studio (user-attested),User attestation (2026-09-13): KOBIHA Studio owns or has rights to use all assets in this register.,2026-09-13
web/public/icon-192.png,web,png,20399,192,192,19897d815a29a45940aa440d3a5ff68faaf9c7659ed3d3e210bec49f75c42083,rights-attested-needs-source-review,web/public/app-icon-1024.svg,web/scripts/generate-icons.mjs (declared mapping; output not regenerated),KOBIHA Studio (user-attested),User attestation (2026-09-13): KOBIHA Studio owns or has rights to use all assets in this register.,2026-09-13
web/public/icon-512.png,web,png,69159,512,512,7045d5713a86489cea514ab5b3ff3d313c10858366dec0c25e0f3534fd4b3586,rights-attested-needs-source-review,web/public/app-icon-1024.svg,web/scripts/generate-icons.mjs (declared mapping; output not regenerated),KOBIHA Studio (user-attested),User attestation (2026-09-13): KOBIHA Studio owns or has rights to use all assets in this register.,2026-09-13
web/public/icons/android/ic_launcher_hdpi_72.png,web,png,5446,72,72,5bc8aa49fff4e1a97d35292b5da4c587b3494dd5b74460be05122422f8060218,rights-attested-needs-source-review,web/public/app-icon-1024.svg,web/scripts/generate-icons.mjs (declared mapping; output not regenerated),KOBIHA Studio (user-attested),User attestation (2026-09-13): KOBIHA Studio owns or has rights to use all assets in this register.,2026-09-13
web/public/icons/android/ic_launcher_mdpi_48.png,web,png,3141,48,48,1e569dfd06f9517d25b50aa298ed223a248e74f0a713fc3e836d85f375bd855f,rights-attested-needs-source-review,web/public/app-icon-1024.svg,web/scripts/generate-icons.mjs (declared mapping; output not regenerated),KOBIHA Studio (user-attested),User attestation (2026-09-13): KOBIHA Studio owns or has rights to use all assets in this register.,2026-09-13
web/public/icons/android/ic_launcher_xhdpi_96.png,web,png,8122,96,96,4ce5ba094af8b9fea4a4f27e3a9416a61e0219cf3f7fed52019b712d21dc162a,rights-attested-needs-source-review,web/public/app-icon-1024.svg,web/scripts/generate-icons.mjs (declared mapping; output not regenerated),KOBIHA Studio (user-attested),User attestation (2026-09-13): KOBIHA Studio owns or has rights to use all assets in this register.,2026-09-13
web/public/icons/android/ic_launcher_xxhdpi_144.png,web,png,13928,144,144,fb117b5cf2c536f2f428b10ba633666e529070eee17fa9a350ee5bd0321c6011,rights-attested-needs-source-review,web/public/app-icon-1024.svg,web/scripts/generate-icons.mjs (declared mapping; output not regenerated),KOBIHA Studio (user-attested),User attestation (2026-09-13): KOBIHA Studio owns or has rights to use all assets in this register.,2026-09-13
web/public/icons/android/ic_launcher_xxxhdpi_192.png,web,png,20399,192,192,19897d815a29a45940aa440d3a5ff68faaf9c7659ed3d3e210bec49f75c42083,rights-attested-needs-source-review,web/public/app-icon-1024.svg,web/scripts/generate-icons.mjs (declared mapping; output not regenerated),KOBIHA Studio (user-attested),User attestation (2026-09-13): KOBIHA Studio owns or has rights to use all assets in this register.,2026-09-13
web/public/icons/android/play-store-512.png,web,png,69159,512,512,7045d5713a86489cea514ab5b3ff3d313c10858366dec0c25e0f3534fd4b3586,rights-attested-needs-source-review,web/public/app-icon-1024.svg,web/scripts/generate-icons.mjs (declared mapping; output not regenerated),KOBIHA Studio (user-attested),User attestation (2026-09-13): KOBIHA Studio owns or has rights to use all assets in this register.,2026-09-13
web/public/icons/favicon/favicon-16.png,web,png,730,16,16,362976370177e435ef6c9904602d48f7bba5e7b4dd8be54f7fd92e68fe246810,rights-attested-needs-source-review,web/public/app-icon-1024.svg,web/scripts/generate-icons.mjs (declared mapping; output not regenerated),KOBIHA Studio (user-attested),User attestation (2026-09-13): KOBIHA Studio owns or has rights to use all assets in this register.,2026-09-13
web/public/icons/favicon/favicon-32.png,web,png,1815,32,32,21a4ef61d40b60693e788ae26bb160d91118f441f6802fcdac8e6beaa2ea7a48,rights-attested-needs-source-review,web/public/app-icon-1024.svg,web/scripts/generate-icons.mjs (declared mapping; output not regenerated),KOBIHA Studio (user-attested),User attestation (2026-09-13): KOBIHA Studio owns or has rights to use all assets in this register.,2026-09-13
web/public/icons/favicon/favicon-48.png,web,png,3141,48,48,1e569dfd06f9517d25b50aa298ed223a248e74f0a713fc3e836d85f375bd855f,rights-attested-needs-source-review,web/public/app-icon-1024.svg,web/scripts/generate-icons.mjs (declared mapping; output not regenerated),KOBIHA Studio (user-attested),User attestation (2026-09-13): KOBIHA Studio owns or has rights to use all assets in this register.,2026-09-13
web/public/icons/favicon/favicon-96.png,web,png,8122,96,96,4ce5ba094af8b9fea4a4f27e3a9416a61e0219cf3f7fed52019b712d21dc162a,rights-attested-needs-source-review,web/public/app-icon-1024.svg,web/scripts/generate-icons.mjs (declared mapping; output not regenerated),KOBIHA Studio (user-attested),User attestation (2026-09-13): KOBIHA Studio owns or has rights to use all assets in this register.,2026-09-13
web/public/icons/ios/app-store-1024.png,web,png,162382,1024,1024,ad29ceacaa8303ac4cedbd9967a5919c8bf0fc56b69ac9626f3db1308d8b5a1f,rights-attested-needs-source-review,web/public/app-icon-1024.svg,web/scripts/generate-icons.mjs (declared mapping; output not regenerated),KOBIHA Studio (user-attested),User attestation (2026-09-13): KOBIHA Studio owns or has rights to use all assets in this register.,2026-09-13
web/public/icons/ios/icon-20@1x.png,web,png,953,20,20,4f9e50ccd8f03195143196014d4c5dedfdf54b3285b0a369ebd7faf76cb005d9,rights-attested-needs-source-review,web/public/app-icon-1024.svg,web/scripts/generate-icons.mjs (declared mapping; output not regenerated),KOBIHA Studio (user-attested),User attestation (2026-09-13): KOBIHA Studio owns or has rights to use all assets in this register.,2026-09-13
web/public/icons/ios/icon-20@2x.png,web,png,2455,40,40,01e0a75ecd25221a280613143148d1b025a3efd96632934cdba467e19b036d4f,rights-attested-needs-source-review,web/public/app-icon-1024.svg,web/scripts/generate-icons.mjs (declared mapping; output not regenerated),KOBIHA Studio (user-attested),User attestation (2026-09-13): KOBIHA Studio owns or has rights to use all assets in this register.,2026-09-13
web/public/icons/ios/icon-20@3x.png,web,png,4222,60,60,4cb56852cd18302e1d6ccf25fd9f09c14191c342c15820b07aaad0e8539b39d5,rights-attested-needs-source-review,web/public/app-icon-1024.svg,web/scripts/generate-icons.mjs (declared mapping; output not regenerated),KOBIHA Studio (user-attested),User attestation (2026-09-13): KOBIHA Studio owns or has rights to use all assets in this register.,2026-09-13
web/public/icons/ios/icon-29@1x.png,web,png,1526,29,29,5551d8170f66f1bbb95f694e5154decfd7308ada02f62c38e3a8db7a1a56fa29,rights-attested-needs-source-review,web/public/app-icon-1024.svg,web/scripts/generate-icons.mjs (declared mapping; output not regenerated),KOBIHA Studio (user-attested),User attestation (2026-09-13): KOBIHA Studio owns or has rights to use all assets in this register.,2026-09-13
web/public/icons/ios/icon-29@2x.png,web,png,4039,58,58,7e5df94b2dfeb0589bf16f7e74275a12943e7e6f2166953c1fbefce6cc03069c,rights-attested-needs-source-review,web/public/app-icon-1024.svg,web/scripts/generate-icons.mjs (declared mapping; output not regenerated),KOBIHA Studio (user-attested),User attestation (2026-09-13): KOBIHA Studio owns or has rights to use all assets in this register.,2026-09-13
web/public/icons/ios/icon-29@3x.png,web,png,7093,87,87,e3acbccb7933db15c39190cce063460111dd150b0cd7178066a92ed84c15b5ae,rights-attested-needs-source-review,web/public/app-icon-1024.svg,web/scripts/generate-icons.mjs (declared mapping; output not regenerated),KOBIHA Studio (user-attested),User attestation (2026-09-13): KOBIHA Studio owns or has rights to use all assets in this register.,2026-09-13
web/public/icons/ios/icon-40@1x.png,web,png,2455,40,40,01e0a75ecd25221a280613143148d1b025a3efd96632934cdba467e19b036d4f,rights-attested-needs-source-review,web/public/app-icon-1024.svg,web/scripts/generate-icons.mjs (declared mapping; output not regenerated),KOBIHA Studio (user-attested),User attestation (2026-09-13): KOBIHA Studio owns or has rights to use all assets in this register.,2026-09-13
web/public/icons/ios/icon-40@2x.png,web,png,6479,80,80,1fba3dbc80e4626be48624e1c251e6a40bdf28f65ad9c176d2c84228d048f061,rights-attested-needs-source-review,web/public/app-icon-1024.svg,web/scripts/generate-icons.mjs (declared mapping; output not regenerated),KOBIHA Studio (user-attested),User attestation (2026-09-13): KOBIHA Studio owns or has rights to use all assets in this register.,2026-09-13
web/public/icons/ios/icon-40@3x.png,web,png,10742,120,120,970dd4c50772a8415ad948bd4a5e581a6459f904fec7cb61df8fcd2fbb806370,rights-attested-needs-source-review,web/public/app-icon-1024.svg,web/scripts/generate-icons.mjs (declared mapping; output not regenerated),KOBIHA Studio (user-attested),User attestation (2026-09-13): KOBIHA Studio owns or has rights to use all assets in this register.,2026-09-13
web/public/icons/ios/icon-60@2x.png,web,png,10742,120,120,970dd4c50772a8415ad948bd4a5e581a6459f904fec7cb61df8fcd2fbb806370,rights-attested-needs-source-review,web/public/app-icon-1024.svg,web/scripts/generate-icons.mjs (declared mapping; output not regenerated),KOBIHA Studio (user-attested),User attestation (2026-09-13): KOBIHA Studio owns or has rights to use all assets in this register.,2026-09-13
web/public/icons/ios/icon-60@3x.png,web,png,18548,180,180,a3042b84f646344181892317b39c19abecc11315896eb598c4156d21825020ad,rights-attested-needs-source-review,web/public/app-icon-1024.svg,web/scripts/generate-icons.mjs (declared mapping; output not regenerated),KOBIHA Studio (user-attested),User attestation (2026-09-13): KOBIHA Studio owns or has rights to use all assets in this register.,2026-09-13
web/public/icons/ios/icon-76@1x.png,web,png,6026,76,76,25512268e19347d6971c7c0b2e16b367731d9b170b744f2d622b092253076742,rights-attested-needs-source-review,web/public/app-icon-1024.svg,web/scripts/generate-icons.mjs (declared mapping; output not regenerated),KOBIHA Studio (user-attested),User attestation (2026-09-13): KOBIHA Studio owns or has rights to use all assets in this register.,2026-09-13
web/public/icons/ios/icon-76@2x.png,web,png,15161,152,152,fdbdb19942cbef942848a3cc1e970773e0c99f3a8180b6548df1bf55217b01ae,rights-attested-needs-source-review,web/public/app-icon-1024.svg,web/scripts/generate-icons.mjs (declared mapping; output not regenerated),KOBIHA Studio (user-attested),User attestation (2026-09-13): KOBIHA Studio owns or has rights to use all assets in this register.,2026-09-13
web/public/icons/ios/icon-83.5@2x.png,web,png,16994,167,167,27fce4552348f2f751e53cd3207e2faba2e219fcd9048ad8d477cc7930c63d5d,rights-attested-needs-source-review,web/public/app-icon-1024.svg,web/scripts/generate-icons.mjs (declared mapping; output not regenerated),KOBIHA Studio (user-attested),User attestation (2026-09-13): KOBIHA Studio owns or has rights to use all assets in this register.,2026-09-13
web/public/icons/line/line-login-512.png,web,png,68290,512,512,cf754ff2ff91dd2975b8b37895e92235a9a8764a91367d3df956a9eb1523de46,rights-attested-needs-source-review,web/public/line-oa-icon.svg,web/scripts/generate-icons.mjs (declared mapping; output not regenerated),KOBIHA Studio (user-attested),User attestation (2026-09-13): KOBIHA Studio owns or has rights to use all assets in this register.,2026-09-13
web/public/icons/line/line-msg-channel-1024.png,web,png,159278,1024,1024,26440f6dc451fd2dff0e5a6964745be93323fbc6aa36ec7af3c8ff0530ec456c,rights-attested-needs-source-review,web/public/line-oa-icon.svg,web/scripts/generate-icons.mjs (declared mapping; output not regenerated),KOBIHA Studio (user-attested),User attestation (2026-09-13): KOBIHA Studio owns or has rights to use all assets in this register.,2026-09-13
web/public/icons/line/line-oa-1024.png,web,png,159278,1024,1024,26440f6dc451fd2dff0e5a6964745be93323fbc6aa36ec7af3c8ff0530ec456c,rights-attested-needs-source-review,web/public/line-oa-icon.svg,web/scripts/generate-icons.mjs (declared mapping; output not regenerated),KOBIHA Studio (user-attested),User attestation (2026-09-13): KOBIHA Studio owns or has rights to use all assets in this register.,2026-09-13
web/public/icons/line/line-oa-200.png,web,png,21341,200,200,727deb084187ad9b42eee523b99a13db3563c4d1084bac5afe889314380f23ec,rights-attested-needs-source-review,web/public/line-oa-icon.svg,web/scripts/generate-icons.mjs (declared mapping; output not regenerated),KOBIHA Studio (user-attested),User attestation (2026-09-13): KOBIHA Studio owns or has rights to use all assets in this register.,2026-09-13
web/public/icons/line/line-oa-640.png,web,png,89884,640,640,b046bcc92b660764ddc485b1e52faa939ef00efe2c1f931a0cf909bc663ed04e,rights-attested-needs-source-review,web/public/line-oa-icon.svg,web/scripts/generate-icons.mjs (declared mapping; output not regenerated),KOBIHA Studio (user-attested),User attestation (2026-09-13): KOBIHA Studio owns or has rights to use all assets in this register.,2026-09-13
web/public/icons/pwa/icon-128.png,web,png,11813,128,128,b34489c970b4a69ef9e362ef30c36536aa6a8c01c27bdd3e04efc8985ebcf1d1,rights-attested-needs-source-review,web/public/app-icon-1024.svg,web/scripts/generate-icons.mjs (declared mapping; output not regenerated),KOBIHA Studio (user-attested),User attestation (2026-09-13): KOBIHA Studio owns or has rights to use all assets in this register.,2026-09-13
web/public/icons/pwa/icon-144.png,web,png,13928,144,144,fb117b5cf2c536f2f428b10ba633666e529070eee17fa9a350ee5bd0321c6011,rights-attested-needs-source-review,web/public/app-icon-1024.svg,web/scripts/generate-icons.mjs (declared mapping; output not regenerated),KOBIHA Studio (user-attested),User attestation (2026-09-13): KOBIHA Studio owns or has rights to use all assets in this register.,2026-09-13
web/public/icons/pwa/icon-192.png,web,png,20399,192,192,19897d815a29a45940aa440d3a5ff68faaf9c7659ed3d3e210bec49f75c42083,rights-attested-needs-source-review,web/public/app-icon-1024.svg,web/scripts/generate-icons.mjs (declared mapping; output not regenerated),KOBIHA Studio (user-attested),User attestation (2026-09-13): KOBIHA Studio owns or has rights to use all assets in this register.,2026-09-13
web/public/icons/pwa/icon-256.png,web,png,29326,256,256,ee6cde5f45dc1bead5922d22d5d78a3345fd7e096d4339d4c18edf54558dc3a1,rights-attested-needs-source-review,web/public/app-icon-1024.svg,web/scripts/generate-icons.mjs (declared mapping; output not regenerated),KOBIHA Studio (user-attested),User attestation (2026-09-13): KOBIHA Studio owns or has rights to use all assets in this register.,2026-09-13
web/public/icons/pwa/icon-384.png,web,png,48046,384,384,5ba2d1f02ff578cbf10a8de471033cbad6e2d9a6c75ded7771a94f16d2fe655b,rights-attested-needs-source-review,web/public/app-icon-1024.svg,web/scripts/generate-icons.mjs (declared mapping; output not regenerated),KOBIHA Studio (user-attested),User attestation (2026-09-13): KOBIHA Studio owns or has rights to use all assets in this register.,2026-09-13
web/public/icons/pwa/icon-48.png,web,png,3141,48,48,1e569dfd06f9517d25b50aa298ed223a248e74f0a713fc3e836d85f375bd855f,rights-attested-needs-source-review,web/public/app-icon-1024.svg,web/scripts/generate-icons.mjs (declared mapping; output not regenerated),KOBIHA Studio (user-attested),User attestation (2026-09-13): KOBIHA Studio owns or has rights to use all assets in this register.,2026-09-13
web/public/icons/pwa/icon-512.png,web,png,69159,512,512,7045d5713a86489cea514ab5b3ff3d313c10858366dec0c25e0f3534fd4b3586,rights-attested-needs-source-review,web/public/app-icon-1024.svg,web/scripts/generate-icons.mjs (declared mapping; output not regenerated),KOBIHA Studio (user-attested),User attestation (2026-09-13): KOBIHA Studio owns or has rights to use all assets in this register.,2026-09-13
web/public/icons/pwa/icon-72.png,web,png,5446,72,72,5bc8aa49fff4e1a97d35292b5da4c587b3494dd5b74460be05122422f8060218,rights-attested-needs-source-review,web/public/app-icon-1024.svg,web/scripts/generate-icons.mjs (declared mapping; output not regenerated),KOBIHA Studio (user-attested),User attestation (2026-09-13): KOBIHA Studio owns or has rights to use all assets in this register.,2026-09-13
web/public/icons/pwa/icon-96.png,web,png,8122,96,96,4ce5ba094af8b9fea4a4f27e3a9416a61e0219cf3f7fed52019b712d21dc162a,rights-attested-needs-source-review,web/public/app-icon-1024.svg,web/scripts/generate-icons.mjs (declared mapping; output not regenerated),KOBIHA Studio (user-attested),User attestation (2026-09-13): KOBIHA Studio owns or has rights to use all assets in this register.,2026-09-13
web/public/icons/social/facebook-cover-820.png,web,png,150315,820,312,99fa1fa073947fd7eba04c345eae0dc1f1a8cb1c173c5f3eb53bf01bd003b5a3,rights-attested-needs-source-review,web/public/social/facebook-cover.svg,web/scripts/generate-icons.mjs (declared mapping; output not regenerated),KOBIHA Studio (user-attested),User attestation (2026-09-13): KOBIHA Studio owns or has rights to use all assets in this register.,2026-09-13
web/public/icons/social/facebook-profile-1080.png,web,png,377647,1080,1080,197205640fdbe121405b154994c9bb20f294220b9934b069f4f5d974efa1d7a7,rights-attested-needs-source-review,web/public/social/profile-square.svg,web/scripts/generate-icons.mjs (declared mapping; output not regenerated),KOBIHA Studio (user-attested),User attestation (2026-09-13): KOBIHA Studio owns or has rights to use all assets in this register.,2026-09-13
web/public/icons/social/instagram-post-1080.png,web,png,388433,1080,1080,e105ea6ec4579a41047b25cb9d064b2bc68d8f53d4b5a800bade964ab6e3f9f7,rights-attested-needs-source-review,web/public/social/instagram-post.svg,web/scripts/generate-icons.mjs (declared mapping; output not regenerated),KOBIHA Studio (user-attested),User attestation (2026-09-13): KOBIHA Studio owns or has rights to use all assets in this register.,2026-09-13
web/public/icons/social/instagram-story-1080.png,web,png,565584,1080,1920,76bbf5b775a9dc0a5f6f82744bef867a4c46ca6535f4046ed9c5c69273032fed,rights-attested-needs-source-review,web/public/social/instagram-story.svg,web/scripts/generate-icons.mjs (declared mapping; output not regenerated),KOBIHA Studio (user-attested),User attestation (2026-09-13): KOBIHA Studio owns or has rights to use all assets in this register.,2026-09-13
web/public/icons/social/linkedin-banner-1128.png,web,png,90029,1128,191,327538ae951f590179e47cdd770c56d206381130244bde093a340eaa0d2489e7,rights-attested-needs-source-review,web/public/social/linkedin-banner.svg,web/scripts/generate-icons.mjs (declared mapping; output not regenerated),KOBIHA Studio (user-attested),User attestation (2026-09-13): KOBIHA Studio owns or has rights to use all assets in this register.,2026-09-13
web/public/icons/social/linkedin-logo-300.png,web,png,53491,300,300,7953e5ce2f153cbce9f4015e94717868c251e9dbaddb836400c3554c40254de0,rights-attested-needs-source-review,web/public/social/linkedin-logo.svg,web/scripts/generate-icons.mjs (declared mapping; output not regenerated),KOBIHA Studio (user-attested),User attestation (2026-09-13): KOBIHA Studio owns or has rights to use all assets in this register.,2026-09-13
web/public/icons/social/linkedin-logo-600.png,web,png,135982,600,600,5c42d05ade1d7df1e478a53a20c524da59eb11157000258606a2d99a494645e7,rights-attested-needs-source-review,web/public/social/linkedin-logo.svg,web/scripts/generate-icons.mjs (declared mapping; output not regenerated),KOBIHA Studio (user-attested),User attestation (2026-09-13): KOBIHA Studio owns or has rights to use all assets in this register.,2026-09-13
web/public/icons/social/profile-1080.png,web,png,377647,1080,1080,197205640fdbe121405b154994c9bb20f294220b9934b069f4f5d974efa1d7a7,rights-attested-needs-source-review,web/public/social/profile-square.svg,web/scripts/generate-icons.mjs (declared mapping; output not regenerated),KOBIHA Studio (user-attested),User attestation (2026-09-13): KOBIHA Studio owns or has rights to use all assets in this register.,2026-09-13
web/public/icons/social/tiktok-profile-200.png,web,png,29727,200,200,ca8940fc5cfc6be2bffaedd51638fb29be717866adc050f77e3498a2192e43e9,rights-attested-needs-source-review,web/public/social/tiktok-profile.svg,web/scripts/generate-icons.mjs (declared mapping; output not regenerated),KOBIHA Studio (user-attested),User attestation (2026-09-13): KOBIHA Studio owns or has rights to use all assets in this register.,2026-09-13
web/public/icons/social/tiktok-profile-400.png,web,png,80622,400,400,ffe68f18c3be3da7b6ec628ba314f8b35611b2a4caa09cc6be1ed74c66227384,rights-attested-needs-source-review,web/public/social/tiktok-profile.svg,web/scripts/generate-icons.mjs (declared mapping; output not regenerated),KOBIHA Studio (user-attested),User attestation (2026-09-13): KOBIHA Studio owns or has rights to use all assets in this register.,2026-09-13
web/public/icons/social/twitter-header-1500.png,web,png,293631,1500,500,aa8057c61494336264f2f84ee4e3108946958271e663481f11a2053acfe4167f,rights-attested-needs-source-review,web/public/social/twitter-header.svg,web/scripts/generate-icons.mjs (declared mapping; output not regenerated),KOBIHA Studio (user-attested),User attestation (2026-09-13): KOBIHA Studio owns or has rights to use all assets in this register.,2026-09-13
web/public/icons/social/whatsapp-profile-640.png,web,png,180104,640,640,9eda2cb4a92847f27af132955ab451bf14c69eb4687db89d34230dcc49df0290,rights-attested-needs-source-review,web/public/social/whatsapp-profile.svg,web/scripts/generate-icons.mjs (declared mapping; output not regenerated),KOBIHA Studio (user-attested),User attestation (2026-09-13): KOBIHA Studio owns or has rights to use all assets in this register.,2026-09-13
web/public/icons/social/youtube-banner-2560.png,web,png,868812,2560,1440,de9310ea4986975264ab58efd0495f4c71ce0a63be2f03a7ffab83ee61fa3526,rights-attested-needs-source-review,web/public/social/youtube-banner.svg,web/scripts/generate-icons.mjs (declared mapping; output not regenerated),KOBIHA Studio (user-attested),User attestation (2026-09-13): KOBIHA Studio owns or has rights to use all assets in this register.,2026-09-13
web/public/icons/social/youtube-profile-800.png,web,png,255736,800,800,27a81dbc98dabd595bf3142fb1c5d9b54c729443c6f8a0f10396e2d16108feb0,rights-attested-needs-source-review,web/public/social/profile-square.svg,web/scripts/generate-icons.mjs (declared mapping; output not regenerated),KOBIHA Studio (user-attested),User attestation (2026-09-13): KOBIHA Studio owns or has rights to use all assets in this register.,2026-09-13
web/public/images/slippy-assistant.png,web,png,27639,128,128,3ddfe4c3f8266ea7fb2027f6746fbb049e98f5f102ae841e086dd7390ff31b96,rights-attested-needs-source-review,unknown,unknown,KOBIHA Studio (user-attested),User attestation (2026-09-13): KOBIHA Studio owns or has rights to use all assets in this register.,2026-09-13
web/public/line-oa-icon.svg,web,svg,3841,1024,1024,02eea8cc286829ce405f289daf82dd9c91602fd1e19f556d4bdf6b6362f69a4f,rights-attested-needs-source-review,web/public/line-oa-icon.svg,web/scripts/generate-icons.mjs (source input; upstream provenance unknown),KOBIHA Studio (user-attested),User attestation (2026-09-13): KOBIHA Studio owns or has rights to use all assets in this register.,2026-09-13
web/public/og-image.png,web,png,445288,1200,630,57dfe20ef7d340be5b61fe6f8e2311b65ca7f0e3cd4971ecd7f061b62a1c85b8,rights-attested-needs-source-review,web/public/og-image.svg,web/scripts/generate-icons.mjs (declared mapping; output not regenerated),KOBIHA Studio (user-attested),User attestation (2026-09-13): KOBIHA Studio owns or has rights to use all assets in this register.,2026-09-13
web/public/og-image.svg,web,svg,6453,1200,630,7cd1b89f1178230a0798ea59ecdcff3115f88457c792b5ffd85ec82cd68ecc52,rights-attested-needs-source-review,web/public/og-image.svg,web/scripts/generate-icons.mjs (source input; upstream provenance unknown),KOBIHA Studio (user-attested),User attestation (2026-09-13): KOBIHA Studio owns or has rights to use all assets in this register.,2026-09-13
web/public/social-profile.png,web,png,377647,1080,1080,197205640fdbe121405b154994c9bb20f294220b9934b069f4f5d974efa1d7a7,rights-attested-needs-source-review,web/public/social/profile-square.svg,web/scripts/generate-icons.mjs (declared mapping; output not regenerated),KOBIHA Studio (user-attested),User attestation (2026-09-13): KOBIHA Studio owns or has rights to use all assets in this register.,2026-09-13
web/public/social/facebook-cover.svg,web,svg,5571,820,312,1377af385efb814f3d4e2b3502ee31dcee73ff9926de7152a41779ed083f5cbe,rights-attested-needs-source-review,web/public/social/facebook-cover.svg,web/scripts/generate-icons.mjs (source input; upstream provenance unknown),KOBIHA Studio (user-attested),User attestation (2026-09-13): KOBIHA Studio owns or has rights to use all assets in this register.,2026-09-13
web/public/social/instagram-post.svg,web,svg,5487,1080,1080,1c7afaa32da89cdb64c782e1fc3961ffea5257377a01897a928b232616552728,rights-attested-needs-source-review,web/public/social/instagram-post.svg,web/scripts/generate-icons.mjs (source input; upstream provenance unknown),KOBIHA Studio (user-attested),User attestation (2026-09-13): KOBIHA Studio owns or has rights to use all assets in this register.,2026-09-13
web/public/social/instagram-story.svg,web,svg,7000,1080,1920,b3c775c8c04c23bdee0f3a9ba83b188f07c34f09abb719cc70bb607f212af13c,rights-attested-needs-source-review,web/public/social/instagram-story.svg,web/scripts/generate-icons.mjs (source input; upstream provenance unknown),KOBIHA Studio (user-attested),User attestation (2026-09-13): KOBIHA Studio owns or has rights to use all assets in this register.,2026-09-13
web/public/social/linkedin-banner.svg,web,svg,3862,1128,191,f24fcdd3dc0fae8412f366097a2d6ac2a5282f87b455096a488432c70df52dfe,rights-attested-needs-source-review,web/public/social/linkedin-banner.svg,web/scripts/generate-icons.mjs (source input; upstream provenance unknown),KOBIHA Studio (user-attested),User attestation (2026-09-13): KOBIHA Studio owns or has rights to use all assets in this register.,2026-09-13
web/public/social/linkedin-logo.svg,web,svg,3088,300,300,a6d3bd4e9576b7ae5d0c04bfa8134312f99b010c8bc96b160c79d37839a0180d,rights-attested-needs-source-review,web/public/social/linkedin-logo.svg,web/scripts/generate-icons.mjs (source input; upstream provenance unknown),KOBIHA Studio (user-attested),User attestation (2026-09-13): KOBIHA Studio owns or has rights to use all assets in this register.,2026-09-13
web/public/social/profile-square.svg,web,svg,4313,1080,1080,49d9d60040a3fd8db334748a1bec36f63c5b07b70875179253a765990e3c1beb,rights-attested-needs-source-review,web/public/social/profile-square.svg,web/scripts/generate-icons.mjs (source input; upstream provenance unknown),KOBIHA Studio (user-attested),User attestation (2026-09-13): KOBIHA Studio owns or has rights to use all assets in this register.,2026-09-13
web/public/social/tiktok-profile.svg,web,svg,2926,200,200,97701f2d99abcb8a34c5600902dcb6e445c5c32a86aa66096ff2400a77d08281,rights-attested-needs-source-review,web/public/social/tiktok-profile.svg,web/scripts/generate-icons.mjs (source input; upstream provenance unknown),KOBIHA Studio (user-attested),User attestation (2026-09-13): KOBIHA Studio owns or has rights to use all assets in this register.,2026-09-13
web/public/social/twitter-header.svg,web,svg,4753,1500,500,83cefc5ea85eb0ffafa2ff93f44e2fd00a3e08a0c89bcdba71190501ab69dd36,rights-attested-needs-source-review,web/public/social/twitter-header.svg,web/scripts/generate-icons.mjs (source input; upstream provenance unknown),KOBIHA Studio (user-attested),User attestation (2026-09-13): KOBIHA Studio owns or has rights to use all assets in this register.,2026-09-13
web/public/social/whatsapp-profile.svg,web,svg,3629,640,640,9fd71cba4ddc9564bbc15cd393e265770d5cece86e3b374ac0a1bb0b5c718cec,rights-attested-needs-source-review,web/public/social/whatsapp-profile.svg,web/scripts/generate-icons.mjs (source input; upstream provenance unknown),KOBIHA Studio (user-attested),User attestation (2026-09-13): KOBIHA Studio owns or has rights to use all assets in this register.,2026-09-13
web/public/social/youtube-banner.svg,web,svg,5693,2560,1440,d371641b7fa57d95f69ea7febe0e72f624705bc01b391e084e6a7f9c514ee1c0,rights-attested-needs-source-review,web/public/social/youtube-banner.svg,web/scripts/generate-icons.mjs (source input; upstream provenance unknown),KOBIHA Studio (user-attested),User attestation (2026-09-13): KOBIHA Studio owns or has rights to use all assets in this register.,2026-09-13
web/public/twitter-card.png,web,png,179097,600,314,bdc688e85d45da4ab40d09d99707523d2aa9c0608c789a0189f51b669fac7e49,rights-attested-needs-source-review,web/public/og-image.svg,web/scripts/generate-icons.mjs (declared mapping; output not regenerated),KOBIHA Studio (user-attested),User attestation (2026-09-13): KOBIHA Studio owns or has rights to use all assets in this register.,2026-09-13
web/src/app/apple-icon.svg,web,svg,2184,180,180,b77d1ea48b09f35aaa9d32a584daf6fb5cc55b51effa1df2b42b69f8ffb07de8,rights-attested-needs-source-review,unknown,unknown,KOBIHA Studio (user-attested),User attestation (2026-09-13): KOBIHA Studio owns or has rights to use all assets in this register.,2026-09-13
web/src/app/icon.svg,web,svg,1899,48,48,5b4ad41c0004afe84a1228b8655deb6692387a1979cb698de185d0055dbaf279,rights-attested-needs-source-review,unknown,unknown,KOBIHA Studio (user-attested),User attestation (2026-09-13): KOBIHA Studio owns or has rights to use all assets in this register.,2026-09-13
